,Category,Keywords,Search Vol,Backlinks,19-3-2023,26-3-2023,2-4-2023,9-4-2023,16-4-2023,23-4-2023,30-4-2023,7-5-2023,14-5-2023,21-5-2023,28-5-2023,4-6-2023,11-6-2023,18-6-2023,25-6-2023,2-7-2023,9-7-2023,16-7-2023,23-7-2023,30-7-2023,6-8-2023,13-8-2023,20-8-2023,27-8-2023,3-9-2023,10-9-2023,17-9-2023,24-9-2023,1-10-2023,8-10-2023,15-10-2023,22-10-2023,29-10-2023,5-11-2023,12-11-2023,19-11-2023,26-11-2023,3-12-2023,10-12-2023,17-12-2023,24-12-2023,31-12-2023,7-1-2024,14-1-2024,21-1-2024,28-1-2024,4-2-2024,11-2-2024,18-2-2024,25-2-2024,3-3-2024,10-3-2024,17-3-2024,24-3-2024,31-3-2024,7-4-2024,14-4-2024,21-4-2024,28-4-2024,5-5-2024,12-5-2024,19-5-2024,26-5-2024,2-6-2024,9-6-2024,16-6-2024,23-6-2024,30-6-2024,7-7-2024,14-7-2024,21-7-2024,28-7-2024,4-8-2024,11-8-2024,18-8-2024,25-8-2024,1-9-2024,8-9-2024,15-9-2024,22-9-2024,29-9-2024,6-10-2024,13-10-2024,20-10-2024,27-10-2024,3-11-2024,10-11-2024,17-11-2024,24-11-2024,1-12-2024,8-12-2024,Landing Page,pull_date
0,homepage,baca novel gratis,"9,900","Blogger Mar (9) , Blogger Mei (7)",-,-,68,,,,,44,23,7,11,10,5,3,3,3,3,2,2,2,2,2,2,1,2,2,2,4,6,8,2,8,4,2,3,3,2,2,3,3,3,2,3,2,3,2,2,2,2,2,3,2,2,2,2,2,2,2,2,2,2,2,1,1,1,1,1,1,1,1,1,1,1,1,1,1,1,1,1,1,1,1,1,1,1,1,1,1,1,1,1,https://gooddreamer.id/,2024-12-18
1,homepage,baca novel,"8,100","Blogger Apr (8), Blogger Juni (6)",-,-,44,,,,,8,13,7,8,7,6,43,4,3,2,3,2,1,1,1,1,1,1,1,1,4,5,4,3,5,4,2,4,1,2,1,2,2,2,2,3,2,3,2,2,1,2,1,1,1,2,2,2,1,1,1,1,2,1,1,1,1,1,1,1,1,1,1,1,1,1,1,1,1,1,1,1,1,1,1,1,1,1,1,1,1,2,2,2,https://gooddreamer.id/,2024-12-18
2,homepage,novel gratis,"6,600","JSB edu Jun (50), JSB 2.0 Jun (5)",-,-,61,,,,,22,60,20,39,10,22,18,7,20,3,7,3,3,3,8,2,9,7,16,5,8,6,8,3,7,3,2,2,2,2,2,2,2,2,2,2,2,2,2,2,2,2,2,2,2,2,2,2,2,2,2,2,2,2,2,2,2,1,1,1,1,1,1,1,1,1,1,1,1,1,1,1,1,1,1,1,2,1,1,1,2,2,1,2,https://gooddreamer.id/,2024-12-18
3,homepage,web novel,"33,100","Blogger Mar (9), Blogger Juni (6), Blogger Okt (6), Media Nov (1), Blogger Jan (9), Media Feb (4), JSB 2.0 Jun (80)",-,-,-,,,,,9,9,7,7,8,8,8,6,5,6,6,4,3,3,3,4,4,4,3,3,19,16,18,22,24,41,30,28,46,28,37,36,38,34,35,40,44,32,8,32,35,9,9,5,27,10,22,9,30,9,34,8,10,35,11,8,15,12,12,11,16,14,13,18,17,9,43,14,22,12,12,23,11,26,11,7,9,8,9,9,5,4,9,8,https://gooddreamer.id/,2024-12-18
4,homepage,novel online,"5,400",Blogger Apr (7),-,82,85,,,,,74,20,11,13,9,23,43,4,4,45,18,29,2,5,3,3,6,21,4,6,4,5,4,4,2,4,2,2,2,2,2,2,4,3,2,3,4,2,1,2,2,2,1,1,1,2,2,2,2,2,2,1,1,1,1,1,1,1,1,1,1,1,1,1,1,1,1,1,1,1,1,1,1,1,1,1,1,1,1,1,1,1,1,1,https://gooddreamer.id/,2024-12-18
5,homepage,baca novel online,"2,400",Blogger Apr (7),-,-,55,,,,,6,13,5,9,7,9,4,4,3,2,4,1,1,1,1,1,1,1,1,1,4,4,4,2,3,3,1,1,2,1,1,1,3,3,3,3,4,3,1,3,1,1,1,1,1,1,1,1,1,1,1,1,1,1,1,1,1,1,1,1,1,1,1,1,1,1,1,1,1,1,1,1,1,1,1,1,1,1,1,1,1,1,1,1,https://gooddreamer.id/,2024-12-18
6,homepage,novel online gratis,"3,600",Blogger Juni (6),-,-,64,,,,,15,12,10,10,9,15,16,5,3,3,2,2,2,2,2,2,2,2,2,2,3,3,3,2,3,2,2,2,2,2,2,2,2,2,2,2,3,4,3,4,3,2,2,3,2,2,2,2,2,2,2,2,2,2,2,1,2,1,1,1,1,1,1,1,1,1,1,1,1,1,1,1,1,1,1,1,1,1,1,1,1,1,1,1,https://gooddreamer.id/,2024-12-18
7,homepage,kumpulan novel,"3,600","Blogger Jul 2 (7), Blogger Ayead Nov (6), Media Nov (2), Media Feb (4), Media Apr (3), JSB blog comment Jun (500), JSB edu Jun (50), JSB 2.0 Jun (5)",-,-,-,,,,,84,-,-,64,52,41,38,27,40,39,14,7,9,8,7,7,8,7,8,7,25,51,20,27,33,27,19,21,17,17,48,21,49,24,26,26,30,40,23,34,45,32,24,23,23,23,24,23,48,32,36,35,26,86,28,29,28,30,19,19,20,34,25,26,24,16,14,13,11,14,13,16,13,15,12,8,12,15,14,17,12,12,11,13,https://gooddreamer.id/,2024-12-18
8,homepage,novel terbaik,"2,400","Blogger Jul (9), Blogger Nov (7), Media Nov (4), Media Apr (2)",-,-,-,,,,,95,-,-,-,-,-,67,61,45,24,-,92,88,74,83,56,66,56,39,32,54,53,41,52,61,65,38,42,37,36,76,47,59,34,51,54,52,49,39,42,48,49,45,39,44,28,37,33,56,34,34,41,40,33,45,29,29,21,27,20,19,25,22,24,23,16,24,11,16,19,12,11,14,16,16,16,16,17,19,16,13,14,12,16,https://gooddreamer.id/,2024-12-18
9,romansa,novel romantis,"22,100","Blogger Juni (7), Blogger Okt (6), Media Nov (2), JSB Jul (40)",-,-,-,,,,,-,-,-,-,15,11,9,13,10,44,9,8,6,5,3,4,4,5,5,6,5,7,7,7,8,5,7,6,7,7,7,7,6,5,7,8,7,6,4,4,4,4,4,4,4,5,4,4,4,4,4,5,6,4,4,3,4,3,4,3,3,5,4,5,5,4,4,2,3,3,3,3,3,3,3,3,3,3,3,3,3,3,3,3,https://gooddreamer.id/novel_romantis,2024-12-18
10,romansa,novel romance,"1,900","Blogger Jul 2 (7), JSB Jul (40), OMNI Agu (3)",-,-,-,,,,,-,-,-,-,-,-,-,-,-,-,7,6,4,3,3,3,3,3,3,4,2,5,5,5,5,4,3,4,4,3,4,5,6,4,5,5,5,5,4,4,4,4,4,4,5,5,4,4,5,6,6,5,6,4,5,4,4,3,4,4,6,6,6,6,3,6,6,4,4,3,3,3,4,4,5,3,3,3,3,3,3,3,4,4,https://gooddreamer.id/novel_romantis,2024-12-18
11,romansa,baca novel romantis,720,Blogger Mei (6),-,-,-,,,,,-,-,-,12,11,10,5,3,7,4,9,3,2,2,1,1,1,1,2,1,1,2,2,1,1,1,1,1,1,1,1,1,1,1,1,1,1,1,3,4,3,1,1,1,1,1,1,1,1,1,1,1,1,1,2,2,2,2,1,1,1,1,1,1,1,1,1,1,1,1,1,1,1,1,1,1,1,1,1,1,1,1,1,1,https://gooddreamer.id/novel_romantis,2024-12-18
12,romansa,cerita novel romantis,"2,900",Blogger Agt (7),-,-,-,,,,,-,-,-,-,-,-,-,-,-,-,-,-,-,10,-,7,5,3,3,2,2,4,4,4,4,4,4,4,4,3,4,3,3,3,3,3,3,3,3,3,3,3,3,3,3,3,3,3,3,3,3,3,3,3,4,3,3,3,3,3,3,3,3,3,3,3,3,2,3,3,3,3,3,3,2,3,3,3,3,2,2,2,2,2,https://gooddreamer.id/novel_romantis,2024-12-18
13,romansa,baca novel romantis gratis,"3,600",,-,-,-,,,,,27,44,26,8,7,6,4,4,4,3,4,3,3,2,1,1,1,1,1,2,2,2,2,2,2,2,2,2,2,2,1,1,1,2,1,1,1,2,2,3,3,3,2,3,2,2,2,3,1,2,3,3,3,2,2,1,2,1,1,1,1,1,1,1,1,1,1,1,1,1,1,1,1,1,1,1,1,1,1,1,1,1,1,1,https://gooddreamer.id/novel_romantis,2024-12-18
14,romansa,novel cinta,"2,400","Blogger Agt (7), Blogger Okt (6), Blogger Des (7)",-,-,-,,,,,-,-,-,-,-,-,-,-,-,-,-,-,-,-,-,65,67,40,59,4,4,20,23,14,30,14,17,6,6,7,14,-,25,6,8,24,6,5,6,5,96,6,5,6,4,5,4,4,5,5,4,11,5,4,3,3,4,3,2,2,4,2,2,4,3,2,2,2,2,2,2,2,2,2,2,2,2,2,2,2,2,2,2,2,https://gooddreamer.id/novel_romantis,2024-12-18
15,romansa,novel percintaan,880,Blogger Sept (9),-,-,-,,,,,-,-,-,-,-,-,-,-,-,-,-,-,-,-,-,-,-,11,6,6,4,6,6,7,7,7,6,5,5,5,5,5,5,5,5,5,5,5,4,4,4,3,3,3,3,3,4,3,4,4,3,3,3,3,4,3,4,2,2,2,2,3,2,9,2,2,2,2,2,2,2,2,2,2,2,2,3,2,3,2,2,2,2,2,https://gooddreamer.id/novel_romantis,2024-12-18
16,romansa,novel remaja romantis,880,"Blogger Sept (11), Blogger Nov (7), Media Jan (3)",-,-,-,,,,,-,-,-,-,-,-,-,-,-,-,-,-,-,-,-,-,-,28,55,17,38,34,15,34,19,25,47,21,32,35,45,32,27,20,27,12,13,28,13,16,14,36,41,48,28,22,58,50,58,44,57,63,70,77,66,82,81,33,45,37,38,23,47,56,58,31,44,7,9,7,4,7,11,5,19,6,6,29,5,10,5,5,5,6,https://gooddreamer.id/novel_romantis,2024-12-18
17,romansa,novel romantis dewasa,320,,-,-,-,,,,,-,-,-,-,41,34,43,34,70,67,-,81,73,72,47,-,-,36,37,32,38,35,35,40,38,37,-,35,44,-,-,36,37,34,34,39,29,38,42,-,-,-,-,-,-,-,-,-,-,34,40,-,-,-,32,41,49,35,29,30,33,33,35,44,39,35,30,31,-,-,24,27,23,15,25,21,28,28,24,32,25,29,41,43,https://gooddreamer.id/novel_romantis,2024-12-18
18,fantasi,novel fantasi,"2,400","Blogger Mei (6), Blogger Okt (6), Media Nov (2), Blogger Jan (9)",-,-,-,,,,,97,-,-,-,-,54,17,12,11,12,12,16,8,7,15,-,22,-,-,10,17,35,23,35,27,40,14,19,20,16,10,9,10,12,10,14,13,13,13,11,11,9,10,9,11,9,9,9,9,8,7,8,8,5,7,4,3,5,5,5,5,5,4,4,4,4,3,4,4,4,3,4,4,3,4,3,4,4,4,4,4,4,3,3,https://gooddreamer.id/novel_fantasi,2024-12-18
19,fantasi,novel fantasi best seller,210,Blogger Mar (7),-,-,-,,,,,24,30,24,25,27,25,21,20,20,21,20,26,26,38,43,39,37,45,44,38,38,48,46,48,42,48,30,38,42,27,27,40,27,36,36,26,29,22,17,24,21,22,16,16,13,14,15,14,15,17,16,13,15,16,15,13,6,6,9,9,9,9,8,6,7,6,8,6,5,6,5,9,5,7,5,6,6,6,5,7,7,7,9,7,https://gooddreamer.id/novel_fantasi,2024-12-18
20,fantasi,novel fantasi terbaik,210,Blogger Mar (6),-,-,-,,,,,83,-,29,29,30,32,26,41,19,20,18,33,31,42,48,43,39,41,38,34,45,43,38,47,45,46,34,35,37,27,24,30,28,25,22,22,25,25,20,18,19,19,17,18,19,17,18,15,15,19,18,19,20,17,16,13,8,7,11,12,10,9,11,7,7,14,10,8,9,8,10,11,8,13,5,6,8,8,8,18,13,11,17,9,https://gooddreamer.id/novel_fantasi,2024-12-18
21,fantasi,baca novel fantasi,70,,-,-,-,,,,,9,17,9,7,7,8,5,3,3,3,3,4,4,3,4,4,4,4,4,4,4,4,4,4,4,4,3,4,4,3,3,3,3,3,3,3,3,2,2,2,3,3,2,3,2,3,3,2,2,2,2,2,2,2,2,3,2,1,1,1,1,1,1,1,1,1,1,1,1,1,1,1,1,1,1,1,1,1,1,1,1,1,1,1,https://gooddreamer.id/novel_fantasi,2024-12-18
22,sains fiksi,novel fiksi,"5,400","Blogger Agt (7), Blogger Okt (6), Blogger Ayead Nov (10), Media Nov (2)",-,-,-,,,,,-,-,-,-,-,-,-,-,-,-,-,-,-,-,-,70,88,96,94,68,75,51,-,-,-,-,-,72,-,62,73,69,47,75,35,55,56,57,57,47,50,-,-,33,49,44,-,-,-,-,-,-,87,-,-,-,-,-,-,-,-,-,-,-,-,89,-,72,64,72,22,19,17,19,17,15,20,20,20,27,22,16,18,18,https://gooddreamer.id/novel_sains_fiksi,2024-12-18
23,sains fiksi,baca novel fiksi,20,,-,-,-,,,,,34,46,28,22,19,21,10,7,7,7,19,28,11,10,7,6,30,8,7,6,7,5,5,5,7,7,6,6,6,5,5,5,4,3,4,4,4,3,3,3,4,4,4,4,4,4,6,5,6,7,7,7,7,8,7,8,6,5,3,3,3,3,3,2,2,2,1,1,1,1,1,1,1,1,1,1,1,1,1,1,1,1,1,1,https://gooddreamer.id/novel_sains_fiksi,2024-12-18
24,sains fiksi,buku fiksi online gratis,70,,-,-,-,,,,,15,21,14,15,15,15,14,10,13,9,14,12,12,11,13,11,12,9,8,7,7,5,4,3,3,6,6,3,2,2,2,2,2,2,2,2,2,2,2,2,2,2,2,2,2,2,2,2,3,1,2,2,3,14,15,1,2,2,2,1,1,1,1,1,2,2,2,2,2,2,1,1,1,1,1,1,1,1,1,1,1,1,1,1,https://gooddreamer.id/novel_sains_fiksi,2024-12-18
25,sains fiksi,novel sains,70,,-,-,-,,,,,-,27,-,-,21,20,21,19,28,22,22,37,14,14,14,16,15,12,11,11,12,12,29,27,35,28,18,17,16,14,11,12,12,13,10,11,11,11,12,13,15,14,15,54,47,50,79,81,80,76,49,43,43,-,-,63,55,37,40,41,34,43,40,35,45,39,31,44,27,35,31,32,29,35,32,36,26,30,28,32,30,21,28,23,https://gooddreamer.id/novel_sains_fiksi,2024-12-18
26,sains fiksi,novel sains fiksi,40,,-,-,-,,,,,-,-,-,-,-,23,26,28,31,27,26,38,17,27,17,14,13,19,18,17,15,16,27,14,11,28,13,10,14,9,10,9,10,11,10,10,13,11,12,11,12,14,13,13,21,16,19,14,16,16,16,19,18,-,95,53,42,34,35,34,38,37,35,31,34,14,31,30,7,28,8,8,8,11,9,8,8,8,9,9,8,8,6,7,https://gooddreamer.id/novel_sains_fiksi,2024-12-18
27,sains fiksi,novel tentang sains,20,,-,-,-,,,,,-,-,-,-,-,-,-,-,-,-,-,-,-,-,18,21,30,21,22,20,-,-,91,99,-,-,97,-,-,92,-,-,-,-,18,-,-,-,19,21,22,22,21,62,59,59,60,60,66,60,57,49,54,-,-,44,61,44,47,46,32,80,41,40,45,43,36,35,30,42,37,37,41,47,38,32,34,36,33,38,32,28,24,31,https://gooddreamer.id/novel_sains_fiksi,2024-12-18
28,sains fiksi,novel sains fiksi terbaik,10,,-,-,-,,,,,-,-,-,-,-,-,-,-,-,-,-,-,-,-,63,69,74,60,57,68,27,28,25,21,26,26,27,22,24,20,23,24,24,21,22,20,28,23,29,25,29,33,27,26,30,33,32,30,30,32,35,36,36,-,85,39,38,39,36,25,39,36,40,42,42,23,36,38,32,35,22,28,34,32,25,22,23,30,31,18,20,19,7,17,https://gooddreamer.id/novel_sains_fiksi,2024-12-18
29,sastra,novel sastra,"1,900",,-,-,-,,,,,-,-,-,-,-,-,-,-,-,-,-,-,-,-,-,-,-,-,-,-,-,-,-,-,-,-,-,-,-,-,-,-,-,-,-,-,-,-,-,-,-,-,-,-,-,-,-,-,-,-,-,-,-,-,-,-,-,-,-,-,-,-,-,-,-,-,-,-,-,-,-,-,-,-,-,-,-,-,-,-,-,-,31,41,https://gooddreamer.id/blog/novel-sastra-indonesia,2024-12-18
30,sastra,novel sastrawan,"1,900",,-,-,-,,,,,-,-,-,-,-,-,-,-,-,-,-,-,-,-,-,-,-,-,-,-,-,-,-,-,-,-,-,-,-,-,-,-,-,-,-,-,-,-,-,-,-,-,-,-,-,-,-,-,-,-,-,-,-,-,-,-,-,-,-,-,-,-,-,-,-,-,-,-,-,-,-,-,-,-,-,-,-,-,-,-,-,-,100,76,https://gooddreamer.id/blog/novel-sastra-indonesia,2024-12-18
31,sastra,novel sastra best seller,140,,-,-,-,,,,,-,-,-,-,-,-,-,-,-,-,-,-,-,-,-,-,-,-,-,-,-,-,-,-,-,-,-,-,-,-,-,-,-,-,-,-,-,-,-,-,-,-,-,-,-,-,-,-,-,-,-,-,-,-,-,-,-,-,-,-,-,-,-,-,-,-,-,-,-,-,-,-,-,-,-,-,-,-,-,-,-,37,32,31,https://gooddreamer.id/blog/novel-sastra-indonesia,2024-12-18
32,sastra,novel karya sastra,210,,-,-,-,,,,,-,-,-,-,-,-,-,-,-,-,-,-,-,-,-,-,-,-,-,-,-,-,-,-,-,-,-,-,-,-,-,-,-,-,-,-,-,-,-,-,-,-,-,-,-,-,-,-,-,-,-,-,-,-,-,-,-,-,-,-,-,-,-,-,-,-,-,-,-,-,-,-,-,-,-,-,-,-,-,-,-,-,97,-,https://gooddreamer.id/blog/novel-sastra-indonesia,2024-12-18
33,sastra,novel sastra terbaru,110,,-,-,-,,,,,-,-,-,-,-,-,-,-,80,-,-,90,-,91,-,-,-,-,-,-,-,-,-,-,-,-,-,-,-,-,-,-,-,-,-,-,-,-,-,-,-,-,-,-,-,-,-,-,-,-,-,-,-,-,-,-,-,-,-,-,-,-,-,-,-,-,-,-,-,-,-,-,-,-,-,-,-,-,-,-,-,-,-,65,https://gooddreamer.id/,2024-12-18
34,sastra,baca novel sastra,-,,-,-,-,,,,,90,-,-,17,46,19,55,19,27,32,52,71,72,88,-,-,-,-,-,-,-,-,-,-,-,-,-,-,-,-,-,-,-,-,-,-,-,-,-,-,-,-,-,-,-,-,-,-,-,-,-,-,-,-,-,-,-,96,91,39,46,-,-,-,-,-,-,-,-,-,-,-,-,-,-,-,-,73,70,49,76,63,40,4,https://gooddreamer.id/,2024-12-18
35,horor,novel horor,"2,900","Blogger Mei (6), Blogger Jul (9), Blogger Okt (6), Media Nov (3)",-,-,-,,,,,-,-,-,28,22,29,16,15,19,15,11,10,11,30,17,11,10,14,9,23,13,54,52,27,27,21,28,24,28,24,19,17,23,11,12,12,12,11,11,11,12,12,12,12,13,14,15,14,26,21,14,14,14,10,13,11,13,6,6,6,6,6,6,15,6,5,4,3,2,3,3,3,2,3,3,3,3,3,3,3,3,2,3,2,https://gooddreamer.id/novel_horor,2024-12-18
36,horor,novel horor terbaik,590,"Blogger Juni (6), Media Mar (4)",-,-,-,,,,,25,-,24,26,23,22,22,24,23,23,19,17,19,22,14,19,15,19,14,23,17,30,27,20,9,14,17,12,16,13,15,13,15,11,13,11,8,10,12,15,12,16,14,12,12,14,16,17,19,21,17,18,23,22,23,21,13,12,12,11,10,12,13,13,13,10,10,9,7,8,9,7,8,8,10,6,5,8,7,5,5,5,7,5,https://gooddreamer.id/novel_horor,2024-12-18
37,horor,buku novel horor,140,,-,-,-,,,,,75,-,-,-,40,53,57,36,77,45,32,33,31,38,26,39,29,31,31,97,30,21,46,38,29,31,32,22,31,23,27,22,30,23,20,21,19,22,22,24,23,22,21,22,24,19,25,25,24,21,19,21,22,21,20,18,20,17,17,13,6,13,14,17,16,17,10,6,6,8,9,6,6,8,9,9,8,16,7,5,8,9,10,6,https://gooddreamer.id/novel_horor,2024-12-18
38,horor,baca novel horor,90,,-,-,-,,,,,10,-,12,10,9,11,9,5,9,6,6,4,3,5,4,6,5,5,5,5,5,5,5,3,3,4,3,3,3,3,3,3,3,3,3,3,3,3,3,3,3,3,3,3,3,3,4,3,3,3,4,3,3,2,2,2,2,1,1,1,1,1,1,1,1,1,1,1,1,1,1,1,1,1,1,1,1,1,1,1,1,1,1,1,https://gooddreamer.id/novel_horor,2024-12-18
39,horor,novel horor best seller,110,,-,-,-,,,,,-,22,26,19,18,18,18,14,19,17,19,15,16,18,13,17,16,14,16,20,18,22,19,17,18,15,15,15,17,19,20,24,15,12,12,7,10,8,9,8,11,10,9,1,8,8,11,12,14,15,13,14,15,9,14,13,12,9,10,9,6,10,8,9,11,10,9,6,5,5,7,8,9,9,10,8,7,8,8,5,6,6,7,6,https://gooddreamer.id/novel_horor,2024-12-18
40,thriller,novel thriller,480,"Blogger Mei (6), Blogger Des (7), Media Des (2)",-,-,-,,,,,-,55,39,37,39,38,42,35,41,38,36,30,28,38,24,31,35,41,37,34,30,27,26,23,22,20,24,25,29,13,28,26,16,29,31,12,27,15,15,15,15,16,30,28,25,27,28,12,13,14,25,19,17,17,13,26,19,22,15,16,16,21,16,15,18,15,16,17,6,7,8,8,7,9,8,9,9,8,10,17,18,9,10,10,https://gooddreamer.id/novel_thriller,2024-12-18
41,thriller,novel thriller psikologi,50,,-,-,-,,,,,-,18,22,24,25,27,31,16,22,17,20,28,31,38,30,19,29,32,31,30,30,18,30,29,16,19,24,18,22,17,24,18,20,25,15,18,24,23,21,24,22,18,16,17,14,17,19,20,24,26,26,23,24,24,24,31,29,27,28,27,15,27,13,12,13,13,11,10,10,10,9,9,8,9,9,8,9,10,8,8,8,9,6,8,https://gooddreamer.id/novel_thriller,2024-12-18
42,thriller,novel psikologi thriller,40,,-,-,-,,,,,21,17,22,21,22,23,26,29,38,29,25,19,20,37,22,22,26,29,28,34,24,14,28,25,16,16,18,18,15,15,18,18,19,20,11,17,20,21,19,20,20,16,17,16,15,15,16,20,21,23,29,26,27,26,25,31,30,29,33,26,16,32,24,25,15,12,12,12,11,11,9,9,10,9,9,10,9,8,20,20,10,10,7,9,https://gooddreamer.id/novel_thriller,2024-12-18
43,thriller,novel thriller online,10,,-,-,-,,,,,-,4,4,3,3,3,3,3,3,3,3,4,4,2,3,2,5,6,4,6,2,2,2,2,2,3,2,3,3,2,2,2,2,2,1,1,1,2,1,2,1,1,2,1,1,1,1,1,1,1,1,1,1,1,2,1,1,1,1,1,1,1,1,1,1,1,1,1,1,1,1,1,1,1,1,1,1,1,1,1,1,1,1,1,https://gooddreamer.id/novel_thriller,2024-12-18
44,thriller,baca novel thriller,-,,-,-,-,,,,,-,11,6,6,6,5,8,6,6,6,6,9,6,9,9,6,7,7,7,6,6,6,6,6,6,6,6,6,6,5,4,2,2,2,2,2,3,2,2,2,3,3,2,1,1,1,1,1,1,2,2,2,2,2,2,1,1,1,1,1,1,1,1,1,1,1,1,1,1,1,1,1,1,1,1,1,1,1,1,1,1,1,1,1,https://gooddreamer.id/novel_thriller,2024-12-18
45,action,novel action,320,Blogger Sept (10),-,-,-,,,,,-,-,15,15,15,15,12,13,21,27,25,22,19,26,12,19,20,18,19,31,13,23,24,11,12,13,9,6,6,5,5,4,3,3,3,4,2,2,2,2,2,2,1,1,1,2,2,2,2,1,2,1,1,1,1,1,1,1,1,1,1,1,1,1,1,1,1,1,1,1,1,1,1,1,1,1,1,1,1,1,1,1,1,1,https://gooddreamer.id/novel_action,2024-12-18
46,action,novel action terbaik,110,,-,-,-,,,,,-,-,19,-,17,18,13,16,18,22,23,28,13,12,11,11,15,16,17,22,16,14,13,14,12,12,8,7,7,5,5,4,4,2,3,3,3,4,3,3,2,3,1,3,1,1,2,1,2,2,2,2,3,2,3,2,2,2,1,1,1,2,1,2,2,1,1,1,1,2,1,2,2,2,1,1,1,1,1,1,2,1,1,1,https://gooddreamer.id/novel_action,2024-12-18
47,action,baca novel action,-,,-,-,-,,,,,76,6,4,5,5,4,3,3,6,6,7,7,8,6,5,6,5,7,6,6,6,5,5,4,4,6,2,2,2,2,2,2,2,2,2,2,2,2,2,2,2,4,4,3,2,3,3,5,4,4,5,4,3,3,3,4,4,2,1,2,2,1,1,1,1,1,1,1,1,1,1,1,1,1,1,1,2,2,2,1,1,1,1,1,https://gooddreamer.id/novel_action,2024-12-18
48,action,contoh novel action,20,,-,-,-,,,,,-,13,-,8,5,6,8,8,9,12,10,6,13,8,7,10,10,16,10,9,10,7,6,6,6,6,4,3,3,3,1,75,1,1,1,1,1,1,1,1,1,1,1,2,1,1,1,1,1,1,1,88,1,1,1,1,1,1,1,1,1,1,1,1,1,1,1,1,1,1,1,1,1,1,1,1,1,1,1,1,1,1,1,1,https://gooddreamer.id/novel_action,2024-12-18
49,action,novel action fantasy terbaik,10,,-,-,-,,,,,-,19,25,-,-,25,36,34,28,29,30,28,36,32,31,29,27,29,33,34,28,28,22,22,26,22,21,20,19,16,16,15,13,18,14,15,12,12,11,10,11,11,11,10,10,8,10,5,7,6,8,7,10,6,8,8,9,8,7,6,7,9,7,8,8,7,10,6,6,6,5,5,5,6,5,5,7,5,5,7,5,5,5,5,https://gooddreamer.id/novel_fantasi,2024-12-18
50,teen fiction,novel fiksi remaja,590,Blogger Jul 2 (7),-,-,-,,,,,-,-,-,-,-,19,18,17,27,23,22,16,16,23,11,11,13,9,16,10,10,10,18,23,23,22,21,15,17,18,18,18,17,16,11,19,23,23,23,21,20,21,23,19,20,17,16,17,18,15,18,18,18,17,17,16,15,16,17,13,14,14,16,14,22,13,14,13,12,13,13,13,16,15,14,16,18,17,16,20,16,18,18,20,https://gooddreamer.id/novel_fiksi_remaja,2024-12-18
51,teen fiction,buku novel fiksi remaja,110,,-,-,-,,,,,-,-,-,-,-,21,21,18,27,26,24,-,20,21,19,19,17,19,19,20,17,21,15,17,18,16,15,16,16,17,23,17,22,16,19,15,15,22,22,23,21,19,16,19,21,25,20,18,20,20,19,19,19,19,20,18,19,17,17,14,19,18,17,17,16,16,14,14,13,14,13,14,15,13,13,13,16,14,15,18,15,14,16,20,https://gooddreamer.id/novel_fiksi_remaja,2024-12-18
52,teen fiction,novel fiksi remaja best seller,70,,-,-,-,,,,,14,15,14,16,-,18,16,16,15,16,18,16,14,22,15,14,14,14,19,18,17,17,15,18,15,14,15,16,16,14,18,18,20,13,15,18,17,18,18,17,18,19,17,18,16,17,18,15,18,19,18,16,18,18,18,16,17,15,17,15,15,17,14,14,15,26,14,20,16,17,14,14,14,15,13,14,17,14,15,18,16,15,17,18,https://gooddreamer.id/novel_fiksi_remaja,2024-12-18
53,teen fiction,buku fiksi remaja,140,,-,-,-,,,,,-,-,-,-,-,25,27,26,30,29,32,24,24,31,27,19,19,20,27,25,23,-,21,25,24,21,20,20,22,21,25,23,19,15,21,22,16,24,23,26,21,23,22,24,24,23,18,17,22,21,19,21,19,20,23,18,17,16,18,16,18,18,16,19,18,17,17,15,14,15,14,17,14,13,16,13,19,15,16,21,17,14,19,22,https://gooddreamer.id/novel_fiksi_remaja,2024-12-18
54,teen fiction,contoh novel fiksi remaja,50,,-,-,-,,,,,-,-,-,-,-,13,15,14,-,17,17,13,12,13,13,13,12,13,12,13,12,12,11,11,12,11,11,11,11,11,11,10,11,11,9,9,10,10,10,11,10,10,7,9,11,12,14,14,14,13,16,15,14,13,12,15,12,13,20,20,20,20,19,15,16,17,18,16,15,17,17,17,19,18,18,16,23,20,19,21,18,11,18,19,https://gooddreamer.id/novel_fiksi_remaja,2024-12-18
55,comedy,novel komedi,720,"Blogger Mei (6), Blogger Des (6), Media Jan (4)",-,-,-,,,,,-,40,30,26,14,12,11,14,87,15,55,10,13,13,8,9,12,14,11,9,9,47,48,49,29,29,25,25,31,32,12,10,12,11,12,12,11,11,8,8,8,9,9,7,8,6,7,4,7,5,6,4,4,5,4,6,3,3,3,3,3,3,3,4,3,3,3,2,3,3,3,3,3,3,3,4,3,4,3,3,3,3,3,3,https://gooddreamer.id/novel_komedi,2024-12-18
56,comedy,novel komedi online,10,,-,-,-,,,,,-,8,6,5,4,5,4,3,4,3,3,3,3,2,3,2,2,3,2,2,2,2,2,2,2,2,2,2,2,2,2,2,2,2,2,2,2,2,2,2,2,2,2,2,2,2,2,2,2,2,2,2,2,2,1,2,1,1,1,1,1,1,1,1,1,1,1,1,1,1,1,1,1,1,1,1,1,1,1,1,1,1,1,1,https://gooddreamer.id/novel_komedi,2024-12-18
57,comedy,baca novel komedi,10,,-,-,-,,,,,-,8,8,7,7,7,7,5,5,6,5,4,3,3,4,3,4,3,4,3,3,3,3,3,3,3,2,2,2,2,2,1,2,1,2,3,3,3,2,2,2,2,2,2,2,2,2,2,1,2,1,1,1,1,2,2,1,1,1,1,1,1,1,1,1,1,1,1,1,1,1,1,1,1,1,1,1,1,1,1,1,1,1,1,https://gooddreamer.id/novel_komedi,2024-12-18
58,comedy,contoh novel komedi,140,,-,-,-,,,,,-,-,-,-,16,-,13,13,13,16,17,17,14,19,20,14,17,22,21,20,14,15,18,16,15,11,11,8,13,14,12,8,7,8,12,9,9,9,10,10,11,11,9,8,8,8,9,10,11,11,11,11,10,11,11,15,11,11,8,8,9,9,10,12,7,10,9,6,7,9,7,7,9,9,8,7,8,7,8,8,8,7,7,7,https://gooddreamer.id/novel_komedi,2024-12-18
59,comedy,novel lucu,720,Blogger Juni (6),-,-,-,,,,,36,48,33,34,27,21,27,12,11,9,12,10,10,7,9,8,8,8,6,6,6,7,8,6,7,6,5,6,5,5,5,4,5,5,4,4,5,5,5,5,5,34,5,9,5,4,5,4,4,4,4,4,4,4,4,3,3,4,4,4,4,3,3,4,5,4,3,3,3,3,3,3,3,3,5,5,3,3,3,3,3,3,3,3,https://gooddreamer.id/novel_komedi,2024-12-18
60,comedy,baca novel lucu,20,,-,-,-,,,,,-,13,15,11,-,11,9,8,8,8,8,8,8,8,8,9,9,8,7,7,6,3,4,3,3,3,1,1,1,1,1,1,1,1,1,1,1,1,1,1,1,1,1,1,1,1,1,1,1,1,1,1,1,1,1,1,1,1,1,1,1,1,1,1,1,1,1,1,1,1,1,1,1,1,1,1,1,1,1,1,1,1,1,1,https://gooddreamer.id/novel_komedi,2024-12-18
61,comedy,cerita novel lucu,50,,-,-,-,,,,,-,27,26,22,21,21,21,20,18,14,15,10,11,13,14,12,14,13,11,8,8,8,6,6,5,6,5,5,5,5,4,4,4,4,4,4,5,5,5,5,5,5,5,5,5,4,4,4,4,4,4,4,4,4,4,4,3,3,3,3,3,3,4,4,4,4,3,3,3,3,3,3,3,3,3,3,3,3,3,3,3,3,3,3,https://gooddreamer.id/novel_komedi,2024-12-18
62,religi,novel religi,260,,-,-,-,,,,,-,-,-,43,60,54,69,47,41,45,45,51,51,58,65,66,79,82,72,63,86,64,73,62,73,65,55,57,52,40,51,58,57,52,41,73,61,62,56,40,71,67,69,64,61,83,47,52,92,86,75,-,57,47,83,89,83,-,52,77,56,87,54,61,67,68,68,-,67,71,53,49,44,49,29,30,20,21,30,17,24,24,19,29,https://gooddreamer.id/novel_religi,2024-12-18
63,religi,novel religi online,10,,-,-,-,,,,,-,-,-,-,-,-,-,22,27,-,-,83,66,28,19,24,25,20,16,66,17,13,15,13,17,13,5,13,3,3,4,3,3,3,4,5,6,4,5,5,5,4,5,5,4,4,4,4,4,4,5,4,4,5,5,6,7,5,4,4,16,23,4,4,4,4,4,26,4,4,4,4,3,3,4,3,3,3,3,3,3,3,3,2,https://gooddreamer.id/novel_religi,2024-12-18
64,religi,novel religi best seller,30,,-,-,-,,,,,-,-,-,-,21,-,25,17,21,18,17,20,19,22,24,21,22,21,30,22,25,25,24,22,-,26,24,27,26,25,27,18,21,18,20,19,20,23,25,21,22,23,-,23,-,24,-,-,21,25,21,22,24,18,-,-,-,-,18,20,-,-,-,-,-,-,-,-,17,-,-,-,-,16,15,14,13,14,14,15,13,13,12,13,https://gooddreamer.id/novel_religi,2024-12-18
65,religi,novel religi terbaik,30,,-,-,-,,,,,-,-,-,-,-,30,-,24,22,23,24,-,23,26,25,21,22,24,26,24,24,26,24,24,24,26,25,24,29,25,28,27,34,27,30,35,27,26,32,31,33,35,34,32,31,32,20,33,32,33,34,32,35,44,41,32,32,29,28,26,23,27,29,31,29,27,35,27,27,26,26,26,26,24,12,12,10,9,21,22,10,9,13,9,https://gooddreamer.id/novel_religi,2024-12-18
66,religi,novel religi terbaru,50,,-,-,-,,,,,-,-,-,-,20,21,21,18,19,19,19,22,18,22,20,24,22,22,22,21,22,22,23,21,21,21,20,23,20,21,26,24,23,19,17,23,22,24,20,20,21,21,21,20,19,19,18,19,19,19,19,20,20,22,20,23,23,22,17,18,18,21,19,32,20,-,19,18,16,17,17,16,16,16,16,16,16,16,17,17,8,16,12,15,https://gooddreamer.id/novel_religi,2024-12-18
67,religi,baca novel religi,10,,-,-,-,,,,,11,-,-,-,-,-,12,11,18,13,13,12,11,9,14,13,13,14,12,13,12,14,12,11,11,14,11,6,6,6,7,10,11,11,7,11,12,11,11,11,12,9,9,10,7,7,6,6,7,6,7,7,6,6,8,11,10,8,7,7,7,7,8,7,8,7,5,5,5,5,6,5,4,3,5,4,5,3,3,5,3,4,5,5,https://gooddreamer.id/novel_religi,2024-12-18
68,religi,novel agama,170,,-,-,-,,,,,-,-,-,-,-,-,-,96,-,-,-,-,-,-,-,-,-,-,-,-,-,-,-,-,-,-,-,-,-,-,-,-,-,-,-,-,-,-,-,-,-,97,-,94,70,44,45,-,-,81,73,-,56,72,-,98,93,-,-,72,68,-,94,-,-,-,91,-,-,-,-,83,67,78,52,72,63,59,-,76,63,61,11,65,https://gooddreamer.id/novel_religi,2024-12-18
69,drama,novel drama,260,Media Des (2),-,-,-,,,,,-,-,-,-,-,-,-,-,-,-,-,-,-,-,-,27,35,23,24,30,37,26,35,34,30,23,22,13,30,34,37,16,14,13,11,15,13,10,13,13,14,13,15,9,12,11,11,8,8,8,8,7,8,6,6,22,17,1,1,1,1,3,2,4,9,8,1,1,1,1,1,1,1,1,1,1,1,1,1,1,1,1,1,1,https://gooddreamer.id/novel_drama,2024-12-18
70,drama,baca novel drama,-,,-,-,-,,,,,-,-,6,-,-,6,7,8,9,9,8,3,6,4,5,4,6,4,2,3,3,4,5,4,4,4,2,3,3,3,2,2,3,3,2,3,3,1,1,2,2,1,1,1,1,1,1,1,1,1,1,1,1,1,1,1,1,1,1,1,1,1,1,1,1,1,1,1,1,1,1,1,1,1,1,1,1,1,1,1,1,1,1,1,https://gooddreamer.id/novel_drama,2024-12-18
71,drama,novel drama terbaru,10,,-,-,-,,,,,-,-,-,19,-,19,22,18,-,18,19,21,19,32,24,21,23,18,19,19,24,28,22,22,22,21,20,8,19,22,32,8,6,9,8,8,7,8,5,5,6,7,8,6,5,4,5,2,2,2,4,9,6,4,4,6,7,3,3,2,4,1,4,4,4,5,2,5,1,1,1,2,1,1,1,1,1,1,1,1,1,1,1,1,https://gooddreamer.id/novel_drama,2024-12-18
72,drama,cerita drama,"1,600",Blogger Agt (9),-,-,-,,,,,-,-,-,-,-,-,-,-,-,-,-,-,-,-,-,-,-,-,-,-,-,-,-,-,-,-,-,-,-,-,-,-,-,-,-,-,-,-,-,-,-,-,-,-,-,-,-,-,-,-,-,-,-,-,-,-,-,-,-,-,-,-,-,-,-,-,-,-,-,-,-,-,-,-,-,-,-,-,-,-,-,-,-,-,https://gooddreamer.id/novel_drama,2024-12-18
73,drama,cerpen drama,170,,-,-,-,,,,,-,-,-,-,-,-,-,-,-,-,-,-,-,-,-,-,-,-,-,-,-,-,-,-,-,-,-,-,-,-,-,-,-,-,-,74,-,-,-,-,80,-,-,-,-,-,-,-,-,-,-,-,-,-,-,-,-,-,-,-,-,-,-,-,-,-,-,-,-,-,-,-,-,-,38,35,-,-,-,-,39,-,31,32,https://gooddreamer.id/novel_drama,2024-12-18
74,adventure,novel petualangan,590,,-,-,-,,,,,-,-,64,56,54,40,44,46,43,55,47,48,43,78,60,56,76,72,76,74,-,-,-,-,-,-,-,-,-,-,-,-,47,31,35,30,29,32,32,32,33,28,30,33,31,34,28,29,30,29,32,-,-,-,-,-,-,-,43,40,38,39,32,28,-,49,36,-,40,-,-,-,36,41,31,29,27,-,43,34,-,35,-,-,https://gooddreamer.id/novel_petualangan,2024-12-18
75,adventure,novel adventure,110,,-,-,-,,,,,-,-,-,-,-,-,-,-,-,-,-,-,-,-,-,-,-,-,-,-,-,-,-,-,-,-,-,-,-,-,-,-,-,-,-,-,-,-,-,-,-,-,-,-,-,-,-,-,-,-,-,-,-,-,-,-,-,-,-,-,-,-,-,-,-,-,-,43,40,39,34,37,32,33,30,24,34,44,62,35,37,32,28,34,https://gooddreamer.id/novel_petualangan,2024-12-18
76,adventure,novel tentang petualangan,90,,-,-,-,,,,,-,-,60,61,46,38,40,40,57,43,47,37,39,43,31,32,31,32,31,34,-,50,-,-,-,-,-,40,-,39,46,54,39,32,32,36,31,35,40,41,35,35,30,37,32,33,31,28,32,26,32,38,37,38,33,46,-,45,32,-,39,38,33,66,-,-,42,-,64,34,36,36,35,33,34,29,28,31,-,-,34,34,35,36,https://gooddreamer.id/novel_petualangan,2024-12-18
77,adventure,novel adventure terbaik,30,,-,-,-,,,,,-,-,-,-,25,-,-,-,-,-,-,-,-,-,-,-,-,-,-,-,-,-,-,-,-,-,-,-,-,-,-,-,-,-,-,-,-,-,-,22,23,20,19,-,-,-,-,-,44,-,22,21,45,43,43,18,32,14,14,-,25,-,10,16,32,30,29,28,26,19,27,27,27,36,32,30,29,28,34,27,25,25,8,15,https://gooddreamer.id/novel_action,2024-12-18
78,adventure,novel petualangan terbaik,90,,-,-,-,,,,,88,31,25,28,25,29,19,25,23,21,27,21,18,20,23,21,22,-,25,19,23,26,31,24,27,23,25,22,22,23,27,25,20,27,24,28,24,24,23,26,25,22,21,23,23,26,27,24,24,27,31,42,40,38,39,37,32,26,24,26,32,27,27,36,33,35,31,29,25,26,26,29,14,28,31,24,22,22,27,22,27,25,17,25,https://gooddreamer.id/novel_petualangan,2024-12-18
79,adventure,contoh novel petualangan,70,,-,-,-,,,,,-,17,19,16,22,18,18,18,17,15,14,17,16,15,12,16,16,16,16,16,27,23,25,35,27,20,16,16,18,15,17,16,15,13,14,13,16,13,23,21,16,16,12,11,18,17,33,32,35,30,37,53,45,52,43,32,42,26,34,30,58,40,32,35,37,44,42,35,38,35,33,31,28,29,28,24,24,23,25,17,20,21,21,21,https://gooddreamer.id/novel_petualangan,2024-12-18
80,family,novel keluarga,210,,-,-,-,,,,,-,-,-,15,16,18,19,16,16,13,12,8,8,10,10,9,19,20,20,18,18,10,8,9,6,7,6,4,4,3,3,3,3,3,3,3,3,3,4,5,5,5,4,6,6,8,7,7,7,7,5,6,7,8,7,6,5,3,3,3,3,3,4,3,3,4,2,2,3,4,4,3,4,4,4,4,4,4,4,3,5,4,6,4,https://gooddreamer.id/novel_keluarga,2024-12-18
81,family,novel tentang kehidupan keluarga,140,,-,-,-,,,,,-,33,23,8,9,10,9,8,8,8,8,7,6,6,6,6,8,7,7,7,7,7,7,6,6,5,4,5,4,4,4,4,4,4,3,4,3,3,6,7,7,1,7,7,7,7,6,4,4,6,6,6,6,6,5,5,6,5,5,5,5,5,5,5,5,1,5,5,4,4,4,1,4,1,4,4,4,4,4,4,5,5,5,6,https://gooddreamer.id/novel_keluarga,2024-12-18
82,family,contoh novel keluarga,70,,-,-,-,,,,,-,16,12,10,6,9,6,9,8,8,8,8,6,8,7,7,7,7,9,7,7,7,7,6,6,6,1,5,5,5,5,1,1,1,1,5,1,1,3,5,4,4,5,1,5,5,5,3,3,3,5,5,4,5,5,5,6,5,5,5,6,6,7,6,6,7,6,6,5,5,6,1,6,6,6,6,6,6,6,6,6,5,5,7,https://gooddreamer.id/novel_keluarga,2024-12-18
83,family,baca novel keluarga,-,,-,-,-,,,,,-,10,6,4,4,4,4,4,4,3,3,4,2,3,3,4,3,3,2,3,2,1,1,1,1,1,1,1,1,1,1,1,1,1,1,1,1,1,1,1,1,1,1,1,1,1,1,1,1,1,1,1,1,1,1,1,1,1,1,1,1,1,1,1,1,1,1,1,1,1,1,1,1,1,1,1,1,1,1,1,1,1,1,1,https://gooddreamer.id/novel_keluarga,2024-12-18
84,family,novel tentang keluarga,320,Blogger Sept (9),-,-,-,,,,,-,-,-,11,17,15,10,10,12,10,10,9,6,9,7,8,13,16,20,19,20,6,7,6,6,6,5,6,4,5,4,3,6,6,6,6,5,5,5,6,6,5,6,6,8,7,7,5,5,4,6,5,5,6,5,5,8,9,4,4,3,4,4,3,4,4,4,4,4,4,4,4,4,5,4,4,4,4,4,4,5,4,5,5,https://gooddreamer.id/novel_keluarga,2024-12-18
85,family,novel sedih tentang keluarga,210,,-,-,-,,,,,-,32,21,14,9,11,10,17,22,14,17,11,12,10,10,15,12,14,13,12,12,11,15,12,9,10,8,8,8,7,7,8,6,7,7,8,7,6,9,8,8,10,10,7,9,11,15,12,11,12,19,23,21,23,24,35,40,27,13,15,13,13,30,11,17,23,33,59,24,37,32,16,28,35,30,31,31,31,35,28,28,31,33,26,https://gooddreamer.id/novel_keluarga,2024-12-18
86,misteri,novel misteri,880,Blogger Agt (9),-,-,-,,,,,-,-,-,-,-,-,-,-,-,-,-,39,33,41,31,35,38,80,14,20,24,45,34,33,29,34,18,18,8,8,8,7,6,5,4,7,4,3,7,3,6,4,4,4,6,5,4,1,9,8,7,8,5,5,5,5,7,4,4,4,4,4,4,4,4,6,5,6,6,12,10,14,17,10,14,58,30,27,57,23,21,7,11,69,https://gooddreamer.id/novel_misteri,2024-12-18
87,misteri,novel misteri online,10,,-,-,-,,,,,-,-,-,-,-,-,-,-,11,9,9,10,3,3,3,3,2,3,3,2,2,2,2,2,2,2,2,2,2,2,2,2,2,2,2,2,2,1,2,2,2,2,2,2,2,2,2,2,2,2,2,2,2,2,2,2,2,2,1,1,1,1,1,1,1,1,1,1,1,1,1,2,1,1,1,1,3,3,2,2,2,2,2,2,https://gooddreamer.id/novel_misteri,2024-12-18
88,misteri,baca novel misteri,20,,-,-,-,,,,,-,-,7,30,29,31,8,18,10,7,23,8,4,4,4,4,4,3,4,3,2,2,2,2,2,2,2,1,2,2,2,2,1,1,1,1,2,1,2,2,2,2,2,1,2,1,2,2,2,1,1,2,2,2,2,2,1,1,1,1,1,1,1,1,1,1,1,1,1,2,2,2,2,2,1,2,3,2,2,2,2,1,2,2,https://gooddreamer.id/novel_misteri,2024-12-18
89,misteri,novel misteri gratis,10,,-,-,-,,,,,-,-,24,25,13,18,9,8,9,-,6,9,3,2,2,2,2,2,2,2,2,2,2,1,1,1,1,1,1,1,1,1,1,1,1,1,1,1,1,1,1,1,1,1,1,1,1,1,1,1,1,1,1,1,1,1,1,1,1,1,1,1,1,1,1,1,1,1,1,2,2,2,2,2,1,2,2,2,2,2,2,1,1,2,https://gooddreamer.id/novel_misteri,2024-12-18
90,misteri,novel misteri terbaik,260,,-,-,-,,,,,-,-,30,-,-,-,-,-,-,30,21,26,26,-,30,19,17,15,21,17,16,22,13,16,15,22,14,15,20,18,6,17,18,3,3,3,3,3,4,4,11,4,6,13,4,3,13,8,7,19,10,18,19,22,18,14,16,4,4,4,11,14,5,7,5,14,13,14,11,21,20,26,20,12,9,17,39,15,15,22,16,13,10,11,https://gooddreamer.id/novel_misteri,2024-12-18
91,misteri,rekomendasi novel misteri,210,,-,-,-,,,,,-,-,-,-,-,-,-,-,23,19,29,30,31,32,24,22,25,21,22,23,25,31,21,25,17,22,21,16,16,16,16,23,17,8,9,10,10,9,7,6,10,6,6,11,6,6,11,7,11,10,11,11,11,14,12,12,10,6,8,8,10,11,8,12,10,16,11,11,23,28,27,24,32,19,9,15,45,31,21,31,24,13,11,14,https://gooddreamer.id/novel_misteri,2024-12-18
92,sejarah,novel sejarah,"27,100",,-,-,-,,,,,-,-,-,-,-,-,-,-,-,-,-,-,-,-,-,-,-,-,-,-,-,-,-,-,-,-,-,-,-,-,-,-,-,-,-,-,-,-,-,-,-,-,-,-,-,-,-,-,-,-,-,-,-,-,-,-,-,-,-,-,-,-,-,-,-,-,-,-,-,-,-,-,-,-,-,-,-,-,-,-,-,39,29,-,https://gooddreamer.id/novel_sejarah,2024-12-18
93,sejarah,baca novel sejarah,140,,-,-,-,,,,,-,-,-,-,-,84,-,94,-,-,-,-,68,-,-,-,-,-,-,-,-,-,-,-,-,-,-,-,-,-,-,-,-,-,-,-,-,-,-,-,-,-,-,-,-,-,-,-,-,-,-,-,-,-,-,-,-,-,-,-,20,22,23,19,20,16,6,3,2,2,3,2,2,2,2,1,2,2,2,2,1,1,1,1,https://gooddreamer.id/novel_sejarah,2024-12-18
94,sejarah,contoh novel sejarah,"8,100",,-,-,-,,,,,-,-,-,-,-,-,-,-,-,-,-,-,-,-,-,-,-,-,-,-,-,-,-,-,-,-,-,-,-,-,-,-,-,-,-,-,-,-,-,-,-,-,-,-,-,-,-,-,-,-,-,-,-,-,-,-,-,-,-,-,-,-,-,-,-,-,-,-,-,-,-,-,-,-,-,-,-,-,-,-,-,-,-,-,,2024-12-18
95,sejarah,novel sejarah online,30,,-,-,-,,,,,65,-,-,-,-,-,-,55,52,54,-,55,25,56,-,-,-,-,-,-,-,-,-,-,-,-,-,-,-,-,-,-,-,-,-,-,-,-,-,-,-,-,-,-,-,-,-,-,-,-,-,-,-,-,93,-,-,-,-,-,12,59,15,12,15,5,4,3,2,2,2,2,2,2,2,2,2,2,2,2,2,1,1,1,https://gooddreamer.id/novel_sejarah,2024-12-18
96,sejarah,novel sejarah gratis,40,,-,-,-,,,,,82,-,-,-,-,-,-,82,92,91,-,74,55,79,-,90,-,-,-,-,-,-,-,-,-,-,-,-,-,-,-,-,-,-,-,-,-,-,-,-,-,-,-,-,-,-,-,-,80,78,-,98,81,-,51,-,-,-,-,-,6,7,12,6,24,5,4,4,2,2,2,2,3,3,3,1,1,1,1,1,1,1,1,1,https://gooddreamer.id/novel_sejarah,2024-12-18
97,sejarah,novel sejarah singkat,"4,400",,-,-,-,,,,,-,-,-,-,-,-,-,-,-,-,-,-,-,-,-,-,-,-,-,-,-,-,-,-,-,-,-,-,-,-,-,-,-,-,-,-,-,-,-,-,-,-,-,-,-,-,-,-,-,-,-,-,-,-,-,-,-,-,-,-,-,-,-,-,-,-,-,-,34,-,-,38,35,-,40,37,34,36,35,-,-,18,14,14,https://gooddreamer.id/novel_sejarah,2024-12-18
98,sejarah,novel sejarah pribadi,"1,900",,-,-,-,,,,,-,-,-,-,-,-,-,-,-,-,-,-,-,-,-,-,-,-,-,-,-,-,-,-,-,-,-,-,-,-,-,-,-,-,-,-,-,-,-,-,-,-,-,-,-,-,-,-,-,-,-,-,-,-,-,-,-,-,-,-,-,-,-,-,-,-,-,-,-,-,-,-,-,-,-,-,-,-,-,-,-,-,-,-,https://gooddreamer.id/,2024-12-18
99,sejarah,cerita novel sejarah,"1,600",,-,-,-,,,,,-,-,-,-,-,-,-,-,-,49,-,-,-,-,-,-,-,-,-,-,-,-,-,-,-,-,-,-,-,-,-,-,-,-,-,-,-,-,-,-,-,-,-,-,-,-,-,-,-,-,-,-,-,-,-,-,-,-,-,-,-,-,-,-,-,-,-,-,32,-,-,-,-,-,-,-,-,27,-,-,-,25,21,-,https://gooddreamer.id/novel_sejarah,2024-12-18
100,sejarah,novel cerita sejarah,"1,000",,-,-,-,,,,,-,-,-,-,-,-,-,-,-,-,-,-,-,-,-,-,-,-,-,-,-,-,-,-,-,-,-,-,-,-,-,-,-,-,-,-,-,-,-,-,-,-,-,-,-,-,-,-,-,-,-,-,-,-,-,-,-,-,-,-,-,-,-,-,-,-,-,-,-,-,-,-,-,-,-,34,33,-,-,48,42,-,41,48,https://gooddreamer.id/novel_sejarah,2024-12-18
101,sejarah,novel sejarah best seller,170,,-,-,-,,,,,-,-,-,-,-,-,-,-,-,-,-,-,-,-,-,-,-,-,-,-,-,-,-,-,-,-,-,-,-,-,-,-,-,-,-,-,-,-,-,-,-,-,-,-,-,-,-,-,-,-,-,-,-,-,-,-,-,-,-,-,-,-,23,-,24,23,-,22,15,-,22,28,18,23,-,-,38,-,-,35,36,31,30,33,https://gooddreamer.id/novel_sejarah,2024-12-18
102,author,penulis novel,"1,000",Media Mar (3),,,,,,,,,,,,,,-,-,-,-,-,-,-,-,-,-,-,-,-,-,-,-,-,-,-,-,-,-,-,-,-,-,-,-,-,-,-,-,-,-,-,-,-,-,-,-,-,-,-,-,-,-,-,-,-,-,-,-,-,-,-,-,-,-,-,-,-,80,-,-,-,-,82,46,36,36,35,45,42,52,38,48,49,48,https://gooddreamer.id/blog/penulis-novel-indonesia,2024-12-18
103,author,penulis terbaik,50,,,,,,,,,,,,,,,-,-,-,-,-,-,-,-,-,-,-,-,-,62,59,59,60,55,69,67,48,36,68,69,65,54,76,77,65,80,86,93,81,-,96,86,98,-,-,93,65,-,79,-,-,-,-,-,85,83,95,52,67,71,59,74,78,72,87,81,-,68,69,80,82,77,90,83,72,73,35,44,45,28,32,37,31,28,https://gooddreamer.id/author,2024-12-18
104,author,pengarang novel,480,,,,,,,,,,,,,,,-,-,-,-,-,-,-,-,-,-,-,-,-,-,-,-,-,-,-,-,-,-,-,-,-,-,-,-,-,-,-,-,-,-,-,-,-,-,-,-,-,-,-,-,-,-,-,-,-,-,-,-,-,-,-,-,-,-,-,-,-,-,-,-,-,-,74,-,84,-,85,69,99,-,-,-,-,-,https://gooddreamer.id/blog/penulis-novel-indonesia,2024-12-18
105,author,dapat uang dari menulis,30,,,,,,,,,,,,,,,,,,,,,,,,,,,,-,-,-,-,-,-,-,-,-,-,-,-,-,-,-,-,-,-,-,-,-,-,-,-,-,-,-,-,-,-,-,-,-,-,-,-,-,-,-,-,-,-,-,-,-,-,-,-,-,-,40,48,44,41,37,35,35,33,31,37,24,22,25,26,23,https://gooddreamer.id/blog/dapat-uang-dari-menulis,2024-12-18
106,author,penghasilan tambahan,"2,400",,,,,,,,,,,,,,,,,,,,,,,,,,,,-,-,-,-,-,-,-,-,-,-,-,-,-,-,-,-,-,-,-,-,-,-,-,-,-,-,-,-,-,-,-,-,-,-,-,-,-,-,-,-,-,-,-,-,-,-,-,-,-,-,-,-,-,-,-,-,-,-,-,-,-,-,-,-,-,,2024-12-18
107,author,hobi menulis,390,,,,,,,,,,,,,,,,,,,,,,,,,,,,-,-,-,-,-,-,-,-,-,-,-,-,-,-,-,-,-,-,-,-,-,-,-,-,-,-,-,-,-,-,-,-,-,-,-,-,-,-,-,-,-,-,-,-,-,-,-,-,-,-,-,-,-,-,-,-,-,-,-,-,-,-,-,-,-,,2024-12-18
108,author,platform menulis berbayar,90,,,,,,,,,,,,,,,,,,,,,,,,,,,,-,-,-,-,77,-,-,-,-,80,-,-,85,-,87,-,-,-,-,-,-,-,-,-,-,-,-,-,-,-,-,-,-,-,-,-,-,-,-,-,-,-,-,-,-,-,-,-,-,-,-,-,-,-,-,-,-,-,-,-,-,-,-,-,-,https://gooddreamer.id/author,2024-12-18
109,author,menyalurkan hobi,50,,,,,,,,,,,,,,,,,,,,,,,,,,,,-,-,-,-,-,-,-,-,-,-,-,-,-,-,-,-,-,-,-,-,-,-,-,-,-,-,-,-,-,-,-,-,-,-,-,-,-,-,-,-,-,-,-,-,-,-,-,-,-,-,-,-,-,-,-,-,-,-,-,-,-,-,-,-,-,,2024-12-18
110,homepage,baca novel tanpa aplikasi,90,,,,,,,,,,,,,,,,,,,,,,,,,,,,13,14,14,16,9,10,10,7,6,7,6,6,4,4,4,4,3,3,3,2,4,4,5,4,4,5,3,4,4,3,2,2,3,3,2,3,2,1,1,2,1,2,1,1,1,1,1,1,2,2,2,3,1,2,1,2,2,2,1,2,1,2,2,1,1,https://gooddreamer.id/,2024-12-18
111,homepage,kumpulan novel online,100,,,,,,,,,,,,,,,,,,,,,,,,,,,,,,,,,,,,,,,,,,,,1,1,1,1,1,1,1,1,1,1,1,1,1,1,1,1,1,1,1,1,1,1,1,1,1,1,1,1,1,1,1,1,1,1,1,1,1,1,1,1,1,1,1,1,1,1,1,1,1,https://gooddreamer.id/,2024-12-18
112,homepage,baca novel indonesia,250,,,,,,,,,,,,,,,,,,,,,,,,,,,,,,,,,,,,,,,,,,,,2,2,1,1,1,1,1,1,1,1,1,1,1,1,1,1,1,1,1,1,1,1,1,1,1,1,1,1,1,1,1,1,1,1,1,1,1,1,1,1,1,1,1,1,1,1,1,1,1,https://gooddreamer.id/,2024-12-18
113,homepage,website baca novel gratis,300,Media Des (4),,,,,,,,,,,,,,,,,,,,,,,,,,,,,,,,,,,,,,,,,,,3,4,3,2,2,3,1,2,2,2,2,2,2,2,2,2,2,1,2,1,2,1,3,2,1,1,1,1,2,2,1,2,1,1,1,1,1,1,1,1,1,1,1,1,1,1,1,1,1,https://gooddreamer.id/,2024-12-18
114,homepage,bacaan novel,400,,,,,,,,,,,,,,,,,,,,,,,,,,,,,,,,,,,,,,,,,,,,4,54,4,5,4,3,4,5,72,9,18,10,18,3,17,13,3,9,11,32,63,52,43,2,2,3,2,2,4,3,3,4,2,2,1,1,1,2,1,1,2,1,1,1,1,1,1,1,1,https://gooddreamer.id/,2024-12-18
115,novel,unforgettable love,"18,100",,,,,,,,,,,,,,,,,,,,,,,,,,,,,,,,,,,,,,,,,,,,,,,64,67,70,70,63,-,-,-,-,-,-,-,66,-,57,52,53,46,-,-,-,-,33,41,37,42,-,-,-,-,-,-,-,-,-,31,-,33,28,32,27,-,28,34,-,33,https://gooddreamer.id/novel_romantis/unforgettable-love-acp,2024-12-18
116,novel,novel unforgettable love,10,,,,,,,,,,,,,,,,,,,,,,,,,,,,,,,,,,,,,,,,,,,,,,,2,1,1,1,1,1,1,1,1,1,1,1,1,1,1,1,1,1,1,1,1,1,1,1,1,1,1,1,1,1,1,1,1,1,1,1,1,1,1,2,1,2,1,1,1,2,https://gooddreamer.id/novel_romantis/unforgettable-love-acp,2024-12-18
117,homepage,novel digital,480,JSB Prof Bl Jul (300),,,,,,,,,,,,,,,,,,,,,,,,,,,,,,,,,,,,,,,,,,,,,,,,,,,,,,,,,,,,,,,,,,,,91,-,86,-,-,31,20,24,27,30,7,3,5,5,6,1,1,1,1,1,1,1,1,1,https://gooddreamer.id/,2024-12-18
118,homepage,novel digital gratis,40,,,,,,,,,,,,,,,,,,,,,,,,,,,,,,,,,,,,,,,,,,,,,,,,,,,,,,,,,,,,,,,,,,,,,19,18,16,17,36,9,8,8,8,8,9,7,5,6,3,3,2,2,3,5,2,2,2,2,https://gooddreamer.id/,2024-12-18
119,Tag,novel Remaja,"3,600",,,,,,,,,,,,,,,,,,,,,,,,,,,,,,,,,,,,,,,,,,,,,,,,,,,,,,,,,,,,,,,,,,,,,-,-,-,-,-,-,-,-,-,-,-,-,-,-,-,-,-,60,-,92,-,-,73,76,https://gooddreamer.id/,2024-12-18
120,Tag,novel Islam,"2,400",,,,,,,,,,,,,,,,,,,,,,,,,,,,,,,,,,,,,,,,,,,,,,,,,,,,,,,,,,,,,,,,,,,,,-,-,-,-,-,-,-,-,-,-,-,-,-,-,-,-,-,-,-,-,-,-,-,-,,2024-12-18
121,Tag,novel Islami,"2,400",,,,,,,,,,,,,,,,,,,,,,,,,,,,,,,,,,,,,,,,,,,,,,,,,,,,,,,,,,,,,,,,,,,,,-,-,-,-,-,-,-,-,-,-,-,-,-,-,-,-,-,-,-,-,-,-,-,-,https://gooddreamer.id/,2024-12-18
122,Tag,novel Rindu,720,,,,,,,,,,,,,,,,,,,,,,,,,,,,,,,,,,,,,,,,,,,,,,,,,,,,,,,,,,,,,,,,,,,,,-,-,-,-,-,-,-,-,-,-,-,-,-,-,-,-,-,-,-,-,-,-,-,-,,2024-12-18
123,Tag,novel Perjodohan,590,,,,,,,,,,,,,,,,,,,,,,,,,,,,,,,,,,,,,,,,,,,,,,,,,,,,,,,,,,,,,,,,,,,,,17,20,26,19,29,9,11,22,21,21,23,16,24,18,17,18,22,22,14,12,11,6,9,9,https://gooddreamer.id/cerita-novel/perjodohan,2024-12-18
124,Tag,novel Cinta Remaja,480,,,,,,,,,,,,,,,,,,,,,,,,,,,,,,,,,,,,,,,,,,,,,,,,,,,,,,,,,,,,,,,,,,,,,22,18,16,19,20,15,14,13,14,14,15,13,15,13,15,13,15,14,15,13,11,13,16,14,https://gooddreamer.id/novel_romantis,2024-12-18
125,Tag,novel CEO,260,,,,,,,,,,,,,,,,,,,,,,,,,,,,,,,,,,,,,,,,,,,,,,,,,,,,,,,,,,,,,,,,,,,,,18,19,27,19,31,24,26,50,55,46,-,-,-,-,-,44,-,-,47,53,49,29,49,46,https://gooddreamer.id/novel_romantis/malaikat-cantik-milik-ceo-buta-74b,2024-12-18
126,Tag,novel Kerajaan,260,,,,,,,,,,,,,,,,,,,,,,,,,,,,,,,,,,,,,,,,,,,,,,,,,,,,,,,,,,,,,,,,,,,,,31,33,39,44,50,47,45,-,-,55,55,27,20,19,20,17,17,15,16,17,20,18,-,19,https://gooddreamer.id/cerita-novel/kerajaan,2024-12-18
127,Tag,novel Cinta Beda Agama,210,,,,,,,,,,,,,,,,,,,,,,,,,,,,,,,,,,,,,,,,,,,,,,,,,,,,,,,,,,,,,,,,,,,,,14,27,19,19,24,17,17,23,18,21,17,12,11,9,11,8,4,5,4,2,2,3,3,3,https://gooddreamer.id/cerita-novel/cinta-beda-agama,2024-12-18
128,Tag,novel Rujuk,210,,,,,,,,,,,,,,,,,,,,,,,,,,,,,,,,,,,,,,,,,,,,,,,,,,,,,,,,,,,,,,,,,,,,,-,-,-,-,-,-,-,-,-,-,-,-,-,-,-,-,-,-,-,-,-,-,-,-,,2024-12-18
129,Tag,novel Silat,210,,,,,,,,,,,,,,,,,,,,,,,,,,,,,,,,,,,,,,,,,,,,,,,,,,,,,,,,,,,,,,,,,,,,,-,-,-,-,-,-,-,-,-,-,-,-,-,-,-,-,-,-,-,-,-,-,-,-,https://gooddreamer.id/,2024-12-18
130,Tag,novel Bully,170,,,,,,,,,,,,,,,,,,,,,,,,,,,,,,,,,,,,,,,,,,,,,,,,,,,,,,,,,,,,,,,,,,,,,23,20,22,19,20,30,20,20,22,34,32,29,29,28,25,22,21,20,23,28,36,25,27,17,https://gooddreamer.id/cerita-novel/bully,2024-12-18
131,Tag,novel Hantu,170,,,,,,,,,,,,,,,,,,,,,,,,,,,,,,,,,,,,,,,,,,,,,,,,,,,,,,,,,,,,,,,,,,,,,16,14,14,18,12,15,15,12,13,15,6,5,12,15,13,9,14,14,14,16,15,14,13,14,https://gooddreamer.id/novel_horor,2024-12-18
132,Tag,novel Indigo,170,,,,,,,,,,,,,,,,,,,,,,,,,,,,,,,,,,,,,,,,,,,,,,,,,,,,,,,,,,,,,,,,,,,,,55,72,70,43,48,43,-,38,70,-,49,36,44,39,28,31,32,-,-,-,-,-,45,66,https://gooddreamer.id/novel_thriller/mendadak-indigo-LQA,2024-12-18
133,Tag,novel Aksi,140,,,,,,,,,,,,,,,,,,,,,,,,,,,,,,,,,,,,,,,,,,,,,,,,,,,,,,,,,,,,,,,,,,,,,2,2,2,2,1,2,2,1,2,2,2,2,2,2,2,1,2,2,2,2,1,1,1,1,https://gooddreamer.id/novel_action,2024-12-18
134,Tag,novel Cinta Segitiga,140,,,,,,,,,,,,,,,,,,,,,,,,,,,,,,,,,,,,,,,,,,,,,,,,,,,,,,,,,,,,,,,,,,,,,25,30,30,46,28,24,24,24,22,29,35,35,37,32,36,38,42,55,-,44,38,30,32,26,https://gooddreamer.id/cerita-novel/cinta-segitiga,2024-12-18
135,Tag,novel Isekai,140,,,,,,,,,,,,,,,,,,,,,,,,,,,,,,,,,,,,,,,,,,,,,,,,,,,,,,,,,,,,,,,,,,,,,-,-,-,-,-,-,-,-,-,-,-,-,-,-,-,-,-,-,-,-,-,-,-,-,https://gooddreamer.id/tag/isekai,2024-12-18
136,Tag,novel Perjuangan,140,,,,,,,,,,,,,,,,,,,,,,,,,,,,,,,,,,,,,,,,,,,,,,,,,,,,,,,,,,,,,,,,,,,,,96,-,-,-,84,37,11,-,87,-,67,58,58,55,16,14,18,13,14,24,13,15,14,16,https://gooddreamer.id/cerita-novel/perjuangan-hidup,2024-12-18
137,Tag,novel Pernikahan,140,,,,,,,,,,,,,,,,,,,,,,,,,,,,,,,,,,,,,,,,,,,,,,,,,,,,,,,,,,,,,,,,,,,,,30,58,31,41,45,34,47,21,54,65,45,32,43,44,34,30,42,50,56,53,54,40,42,42,https://gooddreamer.id/novel_romantis/pernikahan-yang-salah-J3a,2024-12-18
138,Tag,novel Pernikahan Dini,140,,,,,,,,,,,,,,,,,,,,,,,,,,,,,,,,,,,,,,,,,,,,,,,,,,,,,,,,,,,,,,,,,,,,,11,-,-,-,-,-,-,65,69,72,89,65,58,67,-,-,-,-,-,-,-,-,-,-,https://gooddreamer.id/novel_romantis/nikah-siri-5bP,2024-12-18
139,Tag,novel Pesantren,140,,,,,,,,,,,,,,,,,,,,,,,,,,,,,,,,,,,,,,,,,,,,,,,,,,,,,,,,,,,,,,,,,,,,,-,-,-,-,-,-,-,-,-,-,-,-,-,-,-,-,-,-,-,-,-,42,-,90,https://gooddreamer.id/novel_religi/candramaya-terdampar-di-pesantren-kuno-XAG,2024-12-18
140,Tag,novel Benci Jadi Cinta,110,,,,,,,,,,,,,,,,,,,,,,,,,,,,,,,,,,,,,,,,,,,,,,,,,,,,,,,,,,,,,,,,,,,,,10,10,11,12,12,9,13,11,8,15,13,18,12,15,10,13,13,11,11,10,9,9,5,12,https://gooddreamer.id/cerita-novel/benci-jadi-cinta,2024-12-18
141,Tag,novel Nikah Kontrak,110,,,,,,,,,,,,,,,,,,,,,,,,,,,,,,,,,,,,,,,,,,,,,,,,,,,,,,,,,,,,,,,,,,,,,10,11,16,15,18,14,13,13,10,14,15,14,13,17,15,11,15,19,13,6,14,15,13,19,https://gooddreamer.id/cerita-novel/nikah-kontrak,2024-12-18
142,Tag,novel Rumah Tangga,110,,,,,,,,,,,,,,,,,,,,,,,,,,,,,,,,,,,,,,,,,,,,,,,,,,,,,,,,,,,,,,,,,,,,,25,27,26,25,29,28,30,-,39,46,44,-,-,-,-,-,-,-,-,92,-,-,-,-,https://gooddreamer.id/,2024-12-18
143,Tag,novel Kehilangan,90,,,,,,,,,,,,,,,,,,,,,,,,,,,,,,,,,,,,,,,,,,,,,,,,,,,,,,,,,,,,,,,,,,,,,-,-,-,-,-,-,-,-,21,-,-,-,-,30,28,31,-,32,34,39,30,35,24,24,https://gooddreamer.id/cerita-novel/kehilangan,2024-12-18
144,Tag,novel LDR,90,,,,,,,,,,,,,,,,,,,,,,,,,,,,,,,,,,,,,,,,,,,,,,,,,,,,,,,,,,,,,,,,,,,,,19,19,20,21,21,18,18,18,14,19,17,31,27,29,26,30,34,36,37,-,-,-,-,-,https://gooddreamer.id/cerita-novel/ldr,2024-12-18
145,Tag,novel Masa SMA,90,,,,,,,,,,,,,,,,,,,,,,,,,,,,,,,,,,,,,,,,,,,,,,,,,,,,,,,,,,,,,,,,,,,,,39,27,31,-,33,33,31,32,29,33,39,60,58,-,77,76,-,-,-,62,81,19,-,-,https://gooddreamer.id/cerita-novel/masa-sekolah,2024-12-18
146,Tag,novel Patah Hati,90,,,,,,,,,,,,,,,,,,,,,,,,,,,,,,,,,,,,,,,,,,,,,,,,,,,,,,,,,,,,,,,,,,,,,20,22,22,21,22,-,22,-,-,-,-,-,-,-,-,-,41,45,44,39,-,51,-,48,https://gooddreamer.id/cerita-novel/patah-hati,2024-12-18
147,Tag,novel Balas Dendam,70,,,,,,,,,,,,,,,,,,,,,,,,,,,,,,,,,,,,,,,,,,,,,,,,,,,,,,,,,,,,,,,,,,,,,43,51,21,18,17,19,17,21,3,16,4,15,12,5,7,8,8,4,4,3,3,4,4,2,https://gooddreamer.id/cerita-novel/balas-dendam,2024-12-18
148,Tag,novel Cinta Pertama,70,,,,,,,,,,,,,,,,,,,,,,,,,,,,,,,,,,,,,,,,,,,,,,,,,,,,,,,,,,,,,,,,,,,,,-,-,-,-,26,26,26,34,-,32,-,-,35,34,-,30,29,-,-,-,-,-,-,-,https://gooddreamer.id/cerita-novel/cinta-pertama,2024-12-18
149,Tag,novel Hubungan Terlarang,70,,,,,,,,,,,,,,,,,,,,,,,,,,,,,,,,,,,,,,,,,,,,,,,,,,,,,,,,,,,,,,,,,,,,,11,12,10,10,11,9,10,10,7,9,8,9,9,9,9,9,8,8,9,9,6,7,8,5,https://gooddreamer.id/cerita-novel/hubungan-terlarang,2024-12-18
150,Tag,novel Karma,70,,,,,,,,,,,,,,,,,,,,,,,,,,,,,,,,,,,,,,,,,,,,,,,,,,,,,,,,,,,,,,,,,,,,,18,19,20,18,19,20,24,17,13,16,16,16,21,28,45,27,56,63,-,19,15,44,51,43,https://gooddreamer.id/novel_romantis/karma-cinta-sang-duda-IqS,2024-12-18
151,Tag,novel Mitologi Yunani,70,,,,,,,,,,,,,,,,,,,,,,,,,,,,,,,,,,,,,,,,,,,,,,,,,,,,,,,,,,,,,,,,,,,,,30,-,-,-,-,-,-,-,-,-,-,-,-,-,-,-,-,-,-,-,27,26,25,26,https://gooddreamer.id/cerita-novel/mitologi-yunani,2024-12-18
152,Tag,novel Obsesi,70,,,,,,,,,,,,,,,,,,,,,,,,,,,,,,,,,,,,,,,,,,,,,,,,,,,,,,,,,,,,,,,,,,,,,26,28,27,35,32,28,27,28,39,35,45,70,41,29,37,34,38,43,38,71,63,53,53,48,https://gooddreamer.id/novel_romantis/obsesi-mX7,2024-12-18
153,Tag,novel Orang Ketiga,70,,,,,,,,,,,,,,,,,,,,,,,,,,,,,,,,,,,,,,,,,,,,,,,,,,,,,,,,,,,,,,,,,,,,,-,-,-,-,-,-,-,30,28,40,26,25,25,25,24,23,21,19,23,11,20,21,24,11,https://gooddreamer.id/cerita-novel/orang-ketiga,2024-12-18
154,Tag,novel Pendekar,70,,,,,,,,,,,,,,,,,,,,,,,,,,,,,,,,,,,,,,,,,,,,,,,,,,,,,,,,,,,,,,,,,,,,,11,18,16,16,16,15,15,30,18,18,17,15,15,19,14,13,14,19,20,23,24,23,25,17,https://gooddreamer.id/novel_action/pendekar-rajawali-putih-nvg,2024-12-18
155,Tag,novel Tragedi,70,,,,,,,,,,,,,,,,,,,,,,,,,,,,,,,,,,,,,,,,,,,,,,,,,,,,,,,,,,,,,,,,,,,,,31,-,-,-,-,-,-,-,-,-,-,-,-,-,-,-,-,-,-,-,-,-,-,-,https://gooddreamer.id/,2024-12-18
156,Tag,novel Trauma,70,,,,,,,,,,,,,,,,,,,,,,,,,,,,,,,,,,,,,,,,,,,,,,,,,,,,,,,,,,,,,,,,,,,,,36,36,34,47,77,51,37,-,-,-,-,-,-,-,-,-,-,77,-,-,-,-,-,-,https://gooddreamer.id/cerita-novel/trauma,2024-12-18
157,Tag,novel Dendam,50,,,,,,,,,,,,,,,,,,,,,,,,,,,,,,,,,,,,,,,,,,,,,,,,,,,,,,,,,,,,,,,,,,,,,73,92,60,-,48,-,-,-,54,81,76,61,63,31,14,12,12,90,15,92,20,99,-,99,https://gooddreamer.id/novel_thriller/dendam-si-bahan-taruhan-Oad,2024-12-18
158,Tag,novel Istri Kedua,50,,,,,,,,,,,,,,,,,,,,,,,,,,,,,,,,,,,,,,,,,,,,,,,,,,,,,,,,,,,,,,,,,,,,,21,26,25,22,27,22,33,42,45,62,49,51,45,45,40,49,60,60,45,92,60,30,-,46,https://gooddreamer.id/cerita-novel/istri-kedua,2024-12-18
